text,type
"Нужно написать telegram-bot на симфони для учета расходов и доходов. Бери последнюю версию симфони.
База данных для самого бота - sqlite.

Данные по расходам ведутся в google spreadsheet, на отдельной вкладке ""Транзакции"". Первая строчка для ввода данных - 5. По столбцам:
B - дата расхода
C - сумма расхода
D - описание расхода
E - категория расхода (из заданного списка)
G - дата дохода
H - сумма дохода
I - описание дохода
J - категория дохода (из заданного списка)

На каждый месяц отдельная таблица.

Для бота нужны команды:
/list - список всех таблиц со ссылками

Новые записи будут добавляться следующими текстовыми сообщениями:
[дата в любом формате] [+]сумма описание
дата может быть в любом формате - ""вчера"", ""12 декабря"", ""12.05"". По умолчанию ""сегодня"".

[+] - значит доход, если не указано - расход

Сумма может быть с копейками с разделителем точкой или запятой. 

Из описания нужно вычленять категорию, нужно добавить некий справочник соответствий, чтобы ""еда"", ""готовая еда"", ""продукты"" и прочее относить к категории. Если категория неизвестна - нужно уточнить её у пользователя.

Как и у любого бота, тут может быть множество пользователей телеграма.

Нужно использовать докер для разворачивания проекта локально (минимальный).
Это будет opensource проект, так что веди подробный readme.",fix
"Список категорий находится на листе ""Сводка"", начиная с 28 строки. столбец B - расходы, стоблец H - доходы. Соответственно, нужно справочник категорий и соответствий им вести в БД для каждого пользователя в отдельности. Но тем не менее иметь дефолтные настройки, общие для всех. Основные категории по умолчанию такие:
*расходы*: 
Питание	
Подарки	
Здоровье/медицина	
Дом	
Транспорт	
Личные расходы	
Домашние животные	
Коммунальные услуги	
Путешествия	
Одежда	
Развлечения	
Кафе/Ресторан	
Алко	
Образование	
Услуги	
Авто	

*доходы*:
Зарплата	
Премия	
Кешбек, др. бонусы	
Процентный доход	
Инвестиции	
Другое",feat
обнови ридми и добавь краткую инструкцию по настройке .env файла,feat
"добавь CI - проверку код стайла, статический анализ кода, а также настрой github ci и добавь значки в ридми о прохождении проверок",ci
"-

my username is positron48",feat
branch for CI - master,ci
добавь name и description в composer.json,feat
давай запустим сервис,feat
"добавь makefile с командами up down build, запуском CI",ci
добавь restart,feat
"Unable to create the ""cache"" directory (/var/www/budget-bot/var/cache/dev).",fix
"докер должен работать от имени обычного пользователя, не рута",fix
"речь не про makefile, про Dockerfile php",fix
"*** немного ручного дебага, почему ошибка все еще сохраняется (нужно было перебилдить образ, cursor предлагал, но я руками решил разобраться)",fix
"ошибка с доступом ушла, сервис запущен, все ок.
Cannot autowire service ""App\Command\SetWebhookCommand"": argument ""$botToken"" of method ""__construct()"" is type-hinted ""string"", you should configure its value explicitly.",fix
"Cannot autowire service ""App\Service\TelegramBotService"": argument ""$botToken"" of method ""__construct()"" is type-hinted ""string"", you should configure its value explicitly.",fix
"да, проверь (**cursor предложил это сделать, нужно было соглашаться раньше - в этом случае он ошибки видит и исправляет в цикле сам**)",fix
"закоммить и запушь все изменения [feat: add docker configuration, makefile and DI configuration](https://github.com/positron48/budget-bot/commit/bfa6ac4110a88877a71ddaf013b9622172adeeaf)",git
"запусти и исправь ci (**долгий итеративный процесс с 25 tools call, после которых был остановлен - ограничение Cursor, но в конце был успех**)",ci
запусти CI еще раз (**все прошло с 1 раза**),ci
закоммить и запушь все [fix: update code style and fix static analysis issues](https://github.com/positron48/budget-bot/commit/5994824c3a02f40d8c4518683a9c7dc503177bbf),git
"у меня проект развернут локально, но есть vps с доменом DOMAIN_NAME, на нем поднят nginx, и есть возможность указать поддомен для бота - можно ли с него как-то проксировать запросы с хуков к себе локально для отладки и разработки?",feat
давай все креды. в том числе из makefile выносить в .env (.env.local),feat
"обнови ридми, закоммить и запушь [docs: update README and environment configuration](https://github.com/positron48/budget-bot/commit/82ba398ea02e2e66a430ae9346e75a333060f129)",git
"я заполнил креды для telegram, давай настроим хуки и проверим как они работают",feat
"бот не ответил, логи пусты",fix
"логов нет, давай проверим хук через post руками сначала (**ошибка была из-за не заданных google credentials**)",fix
я настроил все нужные credentials. Давай добавим логи и потестируем еще раз,feat
"перепиши ридми на русском, обнови его если нужно, проверь и исправь CI, закоммить и запушь [docs: обновление README на русском языке и исправление CI](https://github.com/positron48/budget-bot/commit/2a4bb4b3c32acf6300d73551210844de3ceead29) (**CI проверил на уровне конфига, не запуская =\ **)",ci
запусти CI [fix: исправление проблем со статическим анализом](https://github.com/positron48/budget-bot/commit/2a36226045e399557eeebed9eeb1b7c59d753e35),ci
"добавь config/credentials/ в gitignore, закоммить .env.example и запушь [chore: добавление .env.example и config/credentials в .gitignore](https://github.com/positron48/budget-bot/commit/88d4a7462cdd70d1e0e962deac5ca8fdb6084c1e)",git
"напиши тесты для проекта, покрывающие основной функционал, запусти после написания ci (**снова лимит в 25 запуском команд**)",ci
"запусти проверки CI, перед запуском всегда делай cs-fix",ci
запускай в одну команду сразу через && (**экономим запуски**),ci
"давай помогу, в MessageParserService нужно валидировать, что год в дате состоит строго из 4 цифр (если указан), сейчас 24.01.01 воспринимается как 24-01-0001

также нужно поправить логику и тест, записи 99.90 кофе и 99,90 кофе валидны, они должны обрабатываться корректно [test: добавлены тесты для основного функционала](https://github.com/positron48/budget-bot/commit/a285a40cbd61f0a3aaf95575af11a99d25cba4db)",git
"Так, теперь опиши в readme как работать с ботом с точки зрения пользователя. Попутно возможно найдутся пробелы в реализации (например, получение доступа / создание новых таблиц) - исправь их",fix
"не коммить изменения пока я не попрошу. 
Изначально нет доступных таблиц у пользователя, нужно иметь возможность из добавлять / привязывать / клонировать для нового месяца",git
"добавление прям совсем новой таблицы не нужно, мы работаем с готовым шаблоном, поэтому изначально нужно только привязать имеющийся файл.

также при привязке нужно спрашивать, за какой месяц отвечает указанный файл, а также упростить пользователю предоставление доступа к сервису (генерировать ссылку на расшаривание доступа сервисному аккаунту / выводить спец сообщение / писать для какой почты нужно расшарить доступ (сервисный аккаунт), для этого в .env нужно указать еще переменную)",feat
"давай поставим monolog, настроим чтобы в отдельный файл писались только бизнес-логи (системные отдельно) и внедрим логи везде, где они нужны",feat
проверь CI,ci
добавь в CI cache:clear и проверь еще раз,ci
"давай логи писать в текстовом формате, не json, business замени на app

также нужно скорректировать привязку таблицы - нужно уметь принимать как ID так и ссылку на таблицу. Также после этого нужно сообщать клиенту результат привязки",feat
проверь CI,ci
ссылка на шаринг (share) не работает совсем,fix
"написал что таблица добавлена, но в /list её нет",feat
"стой, не нужен никакой postgres, у нас sqllite",fix
"ты запускал команду от хоста, а надо из докера",fix
"ага, теперь смотри - каждая таблица привязана к конкретному месяцу года. Нужно давать на выбор месяц и год - от следующего месяца и 12 вариантов до него, включая год. Пользователь также может указать месяц и год руками.

Далее - выбирать таблицу из списка нет нужды - нужно брать таблицу в соответствии с той датой, за которую фиксируется расход или доход. Если такой таблицу нет - просить ее создать или если это новый/текущий месяц - предлагать склонировать последнюю таблицу в новую",fix
запусти CI,ci
"добавь команду для удаления таблицы, но не делай её отображаемой для всех клиентов
для одного месяца в году может быть только одна таблица
в команде /list не нужно просить выбрать таблицу из списка, нужно просто показывать список таблиц со ссылками на них",feat
напиши тест для remove и проверь CI (**сработало ограничение в 25 команд**),ci
запусти ci (**снова лимит**),ci
продолжай (**как будто ушел в цикл с одними и теми же изменениями**),continue
исправь ошибку MessageParserServiceTest  - добавь аннотацию (**лимит**),fix
продолжай,continue
продолжай,continue
testHandleRemoveCommand в tests/Service/TelegramBotServiceTest.php не проверяет результат удаления,fix
"ладно, допустим, очисти руками через doctrine привязки таблиц пользователей, они были созданы до изменений и не актуальны",fix
"1. При добавлении таблицы предлагать список из 6 месяцев, а не 12, указывать названия месяцев на русском языке
2. Команда удаления не работает:

/remove January 2025
Неверный формат команды. Используйте: /remove Месяц Год",fix
"/remove Январь 2025

Неверный формат команды. Используйте: /remove Месяц Год",fix
"ошибка все еще сохраняется, может там пробел в начале строки или что-то такое?",fix
"давай еще раз руками почистим данные, в таблицу в БД пишется случайно не название месяца строкой? Если да - надо писать номер месяца, чтобы не было таких проблем",feat
надо запускать команды из под докера,fix
"отключи deprecation логи, проверь ci",ci
проверка ci запускается через make ci,ci
"отключи deprecation логи везде, не только в prod",fix
deprecated логи на самом деле это php.INFO: Deprecated,feat
может отключим через php.ini? оставь debug уровень в monolog,fix
"логи все еще на месте, надо убрать",fix
"phpunit ни при чем, нужно убрать логи из этапа работы приложения",fix
"давай еще раз, убери deprecation логи из приложения, deprecation записи от CI - ок, их можно не рассматривать, проверь CI после (**тщетно, логи на месте**)",ci
после того как я присылаю ссылку в ответ на добавление - ничего не происходит,feat
"добавь больше логов на уровень приложения - какая команда пришла, важные этапы обработки",feat
для проверки ci запускай make cs-fix && make ci,ci
"убери из services.yaml monolog.logger.app и упоминания, по умолчанию канал и так app",fix
после отправки ссылки она нигде не обрабатывается,fix
"выбор месяца не работает, также в ответ присылаются 6 месяцев вперед без года, а должны присылаться следующий месяц и 5 до него (всего 6), также можно прислать текстом название месяца и год",fix
"все еще не работает указание месяца - ничего не происходит. Как будто State либо не сохраняется, либо не учитывается - нужно добавить логирование текущего стейта",fix
не запоминается state,fix
"все еще state null, точно все в бд сохраняется и считывается из неё?",fix
"Spreadsheet for this month and year already exists
все тексты сообщений пользователям должны быть на русском",feat
"Закоммить и запушь все изменения, комментарий ""добавление и удаление связей с таблицами, логи и ci"" [добавление и удаление связей с таблицами, логи и ci](https://github.com/positron48/budget-bot/commit/29d7c9b2ec0418d0427518cda887ccf35d6fd830)",ci
"Давай добавим сбор покрытия тестами через pcov, сразу учтем его в CI (github) и добавим соответствующий значок в readme",ci
"pdo_mysql не нужен, у нас sqllite, также не коммить и не пушь изменения без дополнительной команды",git
"проверь ci и факт того, что покрытие считается",ci
закоммить и запушь изменения [coverage](https://github.com/positron48/budget-bot/commit/2dfcf074ea567c128ef00cdc67e3d9edcb85ef9c),git
"(**закончился лимит на длину контекста (conversation is too long), создал новый чат**)

возьми за основу для github actions ci.yml, убери tests.yml. Выведи все значки в readme, не только coverage. Если возможно - покрытие считай через сам github, не codecov",ci
закоммить и запушь все изменения [fix: update test results format and add coverage badge](https://github.com/positron48/budget-bot/commit/d04f2c1c9b66790485168f5718a93a1dddbb2f1e),git
"github-actions
/ Test Results with Coverage
Error processing result file

Unsupported file format: build/logs/clover.xml

[fix: add correct path for coverage report](https://github.com/positron48/budget-bot/commit/275b078099124cb3737e6fdd0feb61865c66a560)",git
"Run timkrase/phpunit-coverage-badge@v1.2.1

[15](https://github.com/positron48/budget-bot/actions/runs/12613328040/job/35151057337#step:15:16)/usr/bin/docker run --name ghcriotimkrasephpunitcoveragebadgev121_6e087a --label 9a5ab7 --workdir /github/workspace --rm -e ""COMPOSER_PROCESS_TIMEOUT"" -e ""COMPOSER_NO_INTERACTION"" -e ""COMPOSER_NO_AUDIT"" -e ""INPUT_COVERAGE_BADGE_PATH"" -e ""INPUT_PUSH_BADGE"" -e ""INPUT_REPO_TOKEN"" -e ""INPUT_REPORT"" -e ""INPUT_REPORT_TYPE"" -e ""INPUT_COMMIT_MESSAGE"" -e ""INPUT_COMMIT_EMAIL"" -e ""INPUT_COMMIT_NAME"" -e ""HOME"" -e ""GITHUB_JOB"" -e ""GITHUB_REF"" -e ""GITHUB_SHA"" -e ""GITHUB_REPOSITORY"" -e ""GITHUB_REPOSITORY_OWNER"" -e ""GITHUB_REPOSITORY_OWNER_ID"" -e ""GITHUB_RUN_ID"" -e ""GITHUB_RUN_NUMBER"" -e ""GITHUB_RETENTION_DAYS"" -e ""GITHUB_RUN_ATTEMPT"" -e ""GITHUB_REPOSITORY_ID"" -e ""GITHUB_ACTOR_ID"" -e ""GITHUB_ACTOR"" -e ""GITHUB_TRIGGERING_ACTOR"" -e ""GITHUB_WORKFLOW"" -e ""GITHUB_HEAD_REF"" -e ""GITHUB_BASE_REF"" -e ""GITHUB_EVENT_NAME"" -e ""GITHUB_SERVER_URL"" -e ""GITHUB_API_URL"" -e ""GITHUB_GRAPHQL_URL"" -e ""GITHUB_REF_NAME"" -e ""GITHUB_REF_PROTECTED"" -e ""GITHUB_REF_TYPE"" -e ""GITHUB_WORKFLOW_REF"" -e ""GITHUB_WORKFLOW_SHA"" -e ""GITHUB_WORKSPACE""

[17](https://github.com/positron48/budget-bot/actions/runs/12613328040/job/35151057337#step:15:18)Fatal error: Uncaught Assert\InvalidArgumentException: File ""/github/workspace/clover.xml"" was expected to exist. in /srv/vendor/beberlei/assert/lib/Assert/Assertion.php:2725

[18](https://github.com/positron48/budget-bot/actions/runs/12613328040/job/35151057337#step:15:19)Stack trace:

[19](https://github.com/positron48/budget-bot/actions/runs/12613328040/job/35151057337#step:15:20)#0 /srv/vendor/beberlei/assert/lib/Assert/Assertion.php(1604): Assert\Assertion::createException('/github/workspa...', 'File ""/github/w...', 102, NULL)

[20](https://github.com/positron48/budget-bot/actions/runs/12613328040/job/35151057337#step:15:21)#1 /srv/src/Config.php(32): Assert\Assertion::file('/github/workspa...') 

[Update code coverage badge](https://github.com/positron48/budget-bot/commit/4b0375cd2d8dd1aa0bae7fcdd35490f8e98d0e9d)",git
"допиши тест для основного кейса - новый пользователь /start, добавление таблицы через /add, указание её месяца, добавление записи, текущие тесты переписывать не нужно",feat
проверь ci - make cs-fix && make ci,ci
сделай вывод покрытия кода тестами на экран при проверке ci,ci
"удали App\Service\MessageParser, он не используется",fix
закоммить и запушь изменения [Update code coverage badge](https://github.com/positron48/budget-bot/commit/1aadd10bcf185c807cbd732a24e16602bd66a657),git
"Руководствуясь принципами SOLID, DRY, KISS, YAGNI проведи рефакторинг TelegramBotService [refactor: apply SOLID principles to TelegramBotService](https://github.com/positron48/budget-bot/commit/ea5df6731e815e747e1a45fd130dd5f13452d174)",git
"теперь проверь ci, запуская перед ним всегда фикс стиля - make cs-fix && make ci",ci
закоммить изменения [refactor: improve TelegramBotService and tests](https://github.com/positron48/budget-bot/commit/823222b550b89c64a75fd7f283dcab153f722558),git
"отрефакторь по аналогии остальной код приложения, проверь CI и закоммить изменения. Перед коммитом подтяни сначала правки из удаленного репозитория",ci
продолжай,continue
"закоммить все изменения, предварительно подтянув ветку из репозитория [test: improve GoogleSheetsService test coverage and setup](https://github.com/positron48/budget-bot/commit/a42fd938a2a9336d07f1cbdea1a440b15f0f6f72)",git
"Почему есть только StartCommand, а /add и /list не реализованы отдельными классами?",fix
"для фикса кодстайла просто запускай make cs-fix, можешь делать это всегда перед запуском ci [refactor: extract AddCommand and ListCommand from TelegramBotService](https://github.com/positron48/budget-bot/commit/c1ba6500f7440b5efdf26d3c40f68e0c9a0d63ee)",ci
не хватает команд /remove и /categories [feat: add RemoveCommand and CategoriesCommand](https://github.com/positron48/budget-bot/commit/0a301c447cb1a4ae55c32f77c867c18d00cd5c9e),git
почему так много тестов скипаются при прогоне?,test
доставь это расширение в докер,fix
"проверь теперь ci, запускай make cs-fix перед запуском",ci
а можешь починить deprecation notices?,fix
"исправляй дальше x2 (**завис, пришлось создать новый чат composer**)",fix
"Проверь CI (make cs-fix && make ci), исправь deprecation notice в тестах (те, что не зависят от vendor)",ci
"закоммить и запушь изменения, предварительно подтянув из репозитория [fix: update tests to handle deprecation notices and PHPUnit 10 compatibility](https://github.com/positron48/budget-bot/commit/2a92b38b4426dbfb33980ceaea9de380928ced18)",git
"github actions пропускает многие тесты из-за отсутствия runkit7, возможно это исправить? [ci: add runkit7 installation to GitHub Actions](https://github.com/positron48/budget-bot/commit/485eb8a3bdb73f7aaa4f9e3a3d6a4c8f0c35ba16)",ci
"Напиши полноценные интеграционные тесты всего приложения с отдельной тестовой бд и фикстурами и полным пользовательским путем. Замокай только телеграм апи, все остальное должно быть задействовано в тестах",fix
проверь ci прежде чем коммитить,ci
продолжай,continue
продолжай,continue
попробуй сделать $responses public и убери deprecated тексты ошибок из вывода phpunit,fix
"с responses теперь все ок, устраняй ошибки тестов, для проверки всегда запускай make cs-fix && make ci",ci
"Проверь тесты, ошибки связаны с бизнес-логикой, бот действительно не отвечает на некоторые команды",test
дата не обязательна - если дата не указана по умолчанию берется сегодняшний день. Ищи ошибки в логике самого приложения (**новый чат**),feat
"проверь тесты и исправь логику приложения, для проверки всегда запускай make cs-fix && make ci",ci
продолжай,continue
продолжай,continue
продолжай,continue
продолжай,continue
"Проверь ci, проанализируй ошибки и напиши, как ты думаешь, в чем они заключаются - я скорректирую если что-то будет неверно",ci
переделай mock без global,fix
"Проверь ci, проанализируй ошибки и напиши, как ты думаешь, в чем они заключаются - я скорректирую если что-то будет неверно",ci
добавь во все json_encode JSON_UNESCAPED_UNICODE,feat
"сообщение ""выберите действие"" после команды /categories не доходит до телеграм, нужно дополнительно залогировать все запросы к api telegram и ответы",refactor
"я не про тесты, нужно добавить логи в само приложение",feat
"нет, добавь логи ответа сервера в AbstractCommand sendRequest",feat
сделай обработку ошибок ответов телеграма,feat
исправь ошибку отправки запроса к telegram,fix
"давай вернемся к CI и тестам, для проверки всегда запускай make cs-fix && make ci",ci
продолжай,continue
продолжай,continue
"давай вернемся к CI и тестам, для проверки всегда запускай make cs-fix && make ci",ci
"давай пока уберем проверки из тестов, которые сейчас падают",feat
почему некоторые тесты скипаются?,test
"а все, ок, закоммить и запушь все правки, предварительно актуализировав ветку [test: some integration tests](https://github.com/positron48/budget-bot/commit/0eb62a7a3607b4505d78e31a2427a13c04bd3ff1)",git
исключи из гита и удали кеш phpunit [chore: ignore phpunit cache](https://github.com/positron48/budget-bot/commit/edfa41646106bd813f996f40f74be75150793bca),git
не работает /remove Февраль 2025 - нет никакого ответа,fix
"закоммить и запушь все изменения, предварительно актуализировав ветку [fix: improve spreadsheet state handler](https://github.com/positron48/budget-bot/commit/cb068e46bc8929caa7b7ef78477cd03433289908)",git
все еще удаление не отрабатывает,fix
при команде /add после отправки таблицы не показывается клавиатура с выбором месяца [fix: improve spreadsheet state handler](https://github.com/positron48/budget-bot/commit/cb068e46bc8929caa7b7ef78477cd03433289908),git
в состоянии WAITING_CATEGORIES_ACTION нет реакции на присылаемые сообщения с типом категорий,fix
WAITING_CATEGORY_NAME и WAITING_CATEGORY_TO_DELETE все еще не покрыты [feat: add category state handler with add and remove category support](https://github.com/positron48/budget-bot/commit/b29d879db41fcc89301701530da161e7bfcafefb),git
"(**новый чат**)
нужно добавить команду для отображения сопоставления категорий описаниям затрат, если мы вводим ""1200 еда"" - должно быть сопоставление еды с питанием, если ""200 готовая еда"" или ""1200 кафе еда"" - должно быть аналогичное поведение",feat
добавь в ридми,feat
"/map ""текст"" не работает, т.к. supports ожидает точное совпадение с названием команды",fix
сделай чтобы по /map --all выводился весь справочник,feat
"/map --all выводит ""справочник расходов:"" и все. Изначально справочник пустой? Нужно сделать возможность добавлять отдельные слова из описания в сопоставление с категорией при добавлении расхода/дохода. При этом выбор категории должен быть из списка по алфавиту, также можно как указать сопоставление всему описанию сразу, выбрав категорию, так и написав вручную одно из слов описания , например из ""готовая еда"" я могу указать ""еда = питание"" и таким образом установить соответствие с одним из слов.

при определении категории логика должна быть такой:
1. сначала сравниваем все описание по соответствию категории
2. елси не нашлось - проверяем поочередно отдельные слова из описания

также нужно не забыть про приведение к нижнему регистру всех сравнений",feat
"давай вернемся к CI и тестам, для проверки всегда запускай make cs-fix && make ci",ci
"актуализируй ветку, закоммить и запушь изменения [feat: add map command for category mappings](https://github.com/positron48/budget-bot/commit/4d41706ee2a9c4505ee5895bb8ece1bf01767052)",git
"если ""не удалось определить категорию"" при добавлении расхода -  предлагай добавить сопоставление сразу, после добавления сопоставления продолжай добавление расхода",continue
"после указания категории при добавлении расхода появляется ошибка ""Неверный формат сообщения. Используйте формат: ""[дата] [+]сумма описание""""",fix
"судя по логам не устанавливается state, когда мы выбираем категорию для добавляемого расхода",feat
"теперь после 
[2025-01-05T16:44:16.404695+00:00] app.INFO: Handling state {""chat_id"":273894269,""state"":""WAITING_CATEGORY_SELECTION"",""message"":""Питание""} []

[2025-01-05T16:44:49.139897+00:00] request.CRITICAL: Uncaught PHP Exception TypeError: ""App\Service\GoogleSheetsService::findSpreadsheetByDate(): Argument #2 ($date) must be of type DateTime, array given, called in /var/www/budget-bot/src/Service/TransactionHandler.php on line 156"" at /var/www/budget-bot/src/Service/GoogleSheetsService.php line 59 {""exception"":""[object] (TypeError(code: 0): App\\Service\\GoogleSheetsService::findSpreadsheetByDate(): Argument #2 ($date) must be of type DateTime, array given, called in /var/www/budget-bot/src/Service/TransactionHandler.php on line 156 at /var/www/budget-bot/src/Service/GoogleSheetsService.php:59)""} []",fix
"первая строка для добавления записей - 5, нужно записывать данные в первую пустую строку начиная с 5, отдельно для расходов, отдельно для доходов",feat
"любая команда должна сбрасывать state либо на свой, если он нужен, либо на пустой (например, /start)",fix
При выполнении /start все еще сохранился прежний state,fix
"Проблема не в тестах, в сервисах нужно тоже сбрасывать state",test
"Anton Filatov, [05.01.2025 20:16]
Добавить категорию

BudgetBot, [05.01.2025 20:16]
Выберите тип категории:

Anton Filatov, [05.01.2025 20:16]
Категория расходов

BudgetBot, [05.01.2025 20:16]
Введите название категории:

Anton Filatov, [05.01.2025 20:16]
Хобби

BudgetBot, [05.01.2025 20:16]
Пожалуйста, выберите тип категории

категория должна была добавиться, последнее сообщение неверно",fix
"в /categories дублируются категории, сделай список уникальным",fix
"При указании категории при добавлении расхода нужно:
1. Выводить уникальные категории
2. Сохранять соответствие описание => выбранная категорий в маппинге",feat
"дублей категорий не должно существовать в принципе - на уровне БД тоже, проверь что это так, если нет - нужно поправить и написать миграцию, которая почистит дубли категорий",fix
"в списке категорий, доступной для указания при добавлении расхода все еще выводятся дубли",fix
"актуализируй ветку, закоммить все изменения и запушь [fix: prevent duplicate categories in lists and database](https://github.com/positron48/budget-bot/commit/3485952558f28ccdfbffcf2449ead5e87cf048bf)
(**начиная с этого момента бота можно считать в целом юзабельным**)",git
"(**новый чат**)
Так, а теперь смотри - нужна команда для синхронизации списка категорий пользователя из БД с файлом таблиц. Категории расходов находятся на вкладке ""Сводка"", B28 - F28 и H28 - L28 для категорий доходов.
Категории по умолчанию нужно убрать из БД, будут только пользовательские категории. При добавлении первой таблицы нужно забирать список категорий из указанного диапазона строк вкладки сводка.
Далее при добавлении новой категории в боте нужно также добавлять эту категорию в соответствующий список в таблице - т.к. список является также и диапазоном проверки данных для категорий расходов - алгоритм добавления должен быть следующим:
1. Добавляем новую строку перед последней строкой заполненного списка категорий
2. Переносим в неё данные и формулы из последней строки
3. Переименовываем последнюю строку в списка на вновь добавленную категорию
Также нужна команда синхронизации, которая сверит список категорий из бд и таблицы и добавит недостающие категории в БД и таблицу соответственно",feat
"давай вернемся к CI и тестам, для проверки всегда запускай make cs-fix && make ci",ci
продолжай,continue
дополни readme,docs
"что-то пошло не так
B28 - F28 и H28 - L28 - это диапазоны столбцов, в которых не только название категории, а еще служебные данные, названия находятся в столбцах B и H соответственно.

Также в таблице продублировались некоторые категории, такого происходить не должно

В ответе по результатам синхронизации нужно присылать произведенные изменения",fix
"давай вернемся к CI и тестам, для проверки всегда запускай make cs-fix && make ci",ci
продолжай,continue
"верни tagged_iterator, это ок что линтер его подсвечивает",fix
"синхронизация категорий все еще берет список категорий из столбцов, а надо смотреть строки",fix
"Все еще не то, Сводка!B28:F28 B-F это диапазон столбцов для копирования строки в расходах

Спси же категории идут по строкам начиная с 28",fix
"актуализируй ветку, закоммить и запушь все изменения [feat: category sync and clear](https://github.com/positron48/budget-bot/commit/fb4e0189ab53f2b19ef08ab952a6d997c8e14485)",git
"Удали отдельную команду clear_categories, делай очистку команд при запуске sync_categories, перед импортом категорий из таблицы",feat
"давай вернемся к CI и тестам, для проверки всегда запускай make cs-fix && make ci",ci
"закоммить изменения, предварительно актуализировав ветку [refactor: move clear categories functionality to sync_categories command](https://github.com/positron48/budget-bot/commit/99e505ac5c81140cf2b5bcd1b2c4b1af88d50b69)",git
убери возможность добавления и удаления категорий из бота [test: update CategoriesCommandTest to match new keyboard layout](https://github.com/positron48/budget-bot/commit/46478697b1138b11e6197a556a3e87be5e3a4022),git
"У нас есть интеграционный тест - BudgetBotIntegrationTest

Давай не торопясь постемпенно писать в нем тест основного кейса, начнем с базового:

/start - получение приветственного сообщени
/list - список таблиц пуст
/add и отправка id таблицы / ссылки на таблицу - проверка списка месяцев в клавиатуре, выбор текущего месяца
/list должен теперь отображать список таблиц",feat
"мокать можно только обращения к внешним API - телеграму или google. Все остальное должно работать в тестовом окружении.

все остальное нужно решать либо в рамках теста, либо на уровне фикстур и данных",fix
"CommandRegistry должен получать команды через tagged_iterator, а не напрямую в services.yaml",fix
"(**новый чат**)
давай уберем из теста BudgetBotIntegrationTest testFullUserJourney последнюю проверку списка",feat
"актуализируй ветку, закоммить и запушь изменения [testFullUserJourney](https://github.com/positron48/budget-bot/commit/814ac56f409c4bfd5c671d77404939c518f4c35a)",git
"При добавлении таблицы сейчас отдельно нужно указывать месяц, отдельно год, нужно переделать логику:

должны сразу присылаться следующий месяц и 5 до него (всего 6) вместе с годом, также можно прислать текстом название месяца и год

Поправь логику и учти это в тесте",feat
"сейчас присылается текущий месяц и следующие 5, а должен следующий и предыдущие 5 (всего 6)",fix
"в ответ на корректный выбор месяца и года ошибка:

Anton Filatov, [06.01.2025 14:57]
Январь 2025

BudgetBot, [06.01.2025 14:57]
Неверный формат. Используйте формат ""Месяц Год"" (например ""Январь 2024"")",fix
та же ошибка,fix
git pull && git add . && git commit,git
давай уберем из теста проверку наличия в ответе текущего месяца,feat
git pull && git add . && git commit [test: simplify month selection test](https://github.com/positron48/budget-bot/commit/a552f20b2d978d3a793e0701d8add65cd5d94374),git
давай добавим xdebug в докер,fix
проверять нужно из докера,fix
"добавь в TestTelegramBotService для addResponse в text данные клавиатуры, чтобы можно было сверять их в тестах",feat
добавь теперь в testFullUserJourney проверку клавиатуры выбора месяца,feat
"Telegram API Request: {""chat_id"":123456,""text"":""Выберите месяц и год или введите их в формате \""Месяц Год\"" (например \""Январь 2024\""):"",""parse_mode"":""HTML"",""reply_markup"":{""keyboard"":[[{""text"":""Февраль 2025""}],[{""text"":""Январь 2025""}],[{""text"":""Декабрь 2024""}],[{""text"":""Ноябрь 2024""}],[{""text"":""Октябрь 2024""}],[{""text"":""Сентябрь 2024""}]],""one_time_keyboard"":true,""resize_keyboard"":true}}

проверь корректно ли в IntegrationTestCase реализован sendMessage, т.к. видимо при передаче клавиатуры метод падает",fix
"а может $data[""reply_markup""] не нужно делать json_decode?",fix
"давай вернемся к CI и тестам, для проверки всегда запускай make cs-fix && make ci",ci
одной командой: git pull && git add . && git commit && git push [test: update month format in integration test](https://github.com/positron48/budget-bot/commit/362cab9ae7134392253657674dfd73ea2aa27db4),git
"(**новый чат**)
Давай наведем порядок в этом проекте в соответствии с SOLID.
Для начала убери runkit7 из докера / CI / и его использования в коде",ci
"в одном файле должна быть только одна сущность - интерфейс, класс и тп, сейчас есть файлы с несколькими",refactor
"используй суффиксы в названиях, например, TelegramApiServiceInterface, суффикс Impl наоборот, не нужно использовать",fix
"давай вернемся к CI и тестам, для проверки всегда запускай make cs-fix && make ci",ci
продолжай,continue
продолжай,continue
продолжай,continue
продолжай,continue
продолжай,continue
запусти и исправь make phpstan,ci
git add . && git commit -m 'refactor telegramApiService' [refactor telegramApiService](https://github.com/positron48/budget-bot/commit/afa6bd7807ffcc947baf7728dbdf7aaba66b5cb1),git
"(**новый чат**)
Для всех запросов к API Google также нужно в соответствии с SOLID создать отдельный сервис или фасад с интерфейсом, его будем мокать в тестах",test
"теперь проверь логику, запускай make cs-fix && make phpstan",ci
а теперь запусти очистку кеша и проверь ошибки,fix
кажется GoogleSheetsClient больше не используется?,fix
git add . && git commit -m 'refactor googleApi' [refactor googleApi](https://github.com/positron48/budget-bot/commit/d69d5827e14359678fafe8c6fd75fdf2e09129d5),git
проверь все ли запросы к google идут через интерфейс?,fix
да,fix
теперь проверить что все запросы к телеграм проходят через TelegramApiServiceInterface,fix
"удали все тесты, которые не проходят",test
git add . && git commit -m 'refactor fin' [refactor fin](https://github.com/positron48/budget-bot/commit/abeb497cfec6a8881ca5b6dd5d2087234ae5b91a),git
"(**новый чат**)
Давай напишем нормальный интеграционный тест, замокаем только запросы к api гугла и телеграм (через интерфейс)
Начнем с простейшего - проверка выполнения команды /start/
для проверки всегда запускай make cs-fix && make ci",ci
"Теперь проверим добавление таблицы по цепочке:

1. /start
2. /add
3. указать ссылку на таблицу
4. проверить какой список месяцев нам предлагают указать
5. указать месяц
6. проверить что все записалось

для этого нужно будет тест запускать с чистой базой, в фикстурах какие-то данные уже скорее всего есть",fix
"удали все использования runkit7, мы ее удалили",fix
"не нужно создавать mock для внутренних сущностей кроме api. Можем вообще взять весь основной конфиг для тестов, кроме кредов и тех сервисов, которые мы для тестов должны переопределить?",test
"удали вообще определение App\Command\SetWebhookCommand из services_test, он импортируется из основного файла нормально",fix
продолжай,continue
"давай сверять state не на null, а на пустую строку или null, оба варианта ок",feat
git pull && git add . && git commit && git push [test: adding a spreadsheet](https://github.com/positron48/budget-bot/commit/20c6b00599ca1a10e2ab8e9d0aed2255d7f6fb09),git
"теперь после добавления проверь, что в списке появилась добавленная таблица",feat
"Мы же очищаем список таблиц,  зачем проверка Test Budget?",fix
теперь давай добавим проверку удаления таблицы (команда /remove),feat
"Похоже проблема не с тестом, действительно удаление не работает:

[2025-01-06T17:11:55.679830+00:00] app.INFO: Handling state {""chat_id"":273894269,""state"":""WAITING_REMOVE_SPREADSHEET"",""message"":""Февраль 2025""} []
[2025-01-06T17:11:55.679999+00:00] app.INFO: Message not handled {""chat_id"":273894269,""text"":""Февраль 2025""} []",fix
"в одну команду, добавь только описание коммита: git pull && git add . && git commit && git push [fix: add WAITING_REMOVE_SPREADSHEET state handling to fix spreadsheet deletion](https://github.com/positron48/budget-bot/commit/619c164b42098381bd5c7cb2e1c8dbbaeeb27eb3)",git
"давай теперь долбавим тест на синхронизацию списка категорий с таблицей, и в целом по работе со списком категорий",feat
в ответ на sync_categories выдается сразу 2 сообщения - категории очищены и результаты синхронизации. В тесте они сравниваются последовательно,test
"по факту запрашивается range ""Сводка!B28:B"", а мы в моке добавляем Settinge!A2:A50 для расходов, аналогично для доходов - проверяется Сводка!H28:H",feat
"проверь логику, запускай make cs-fix && make ci",ci
"(**новый чат**)
[2025-01-06T18:21:31.584271+00:00] doctrine.INFO: Connecting with parameters array{""use_savepoints"":true,""driver"":""pdo_sqlite"",""idle_connection_ttl"":600,""host"":""localhost"",""port"":null,""user"":""root"",""password"":null,""driverOptions"":[],""defaultTableOptions"":[],""path"":""/var/www/budget-bot/var/data.db"",""charset"":""utf8""} {""params"":{""use_savepoints"":true,""driver"":""pdo_sqlite"",""idle_connection_ttl"":600,""host"":""localhost"",""port"":null,""user"":""root"",""password"":null,""driverOptions"":[],""defaultTableOptions"":[],""path"":""/var/www/budget-bot/var/data.db"",""charset"":""utf8""}} []
[2025-01-06T18:21:31.591894+00:00] doctrine.DEBUG: Executing statement: SELECT t0.id AS id_1, t0.telegram_id AS telegram_id_2, t0.username AS username_3, t0.first_name AS first_name_4, t0.last_name AS last_name_5, t0.current_spreadsheet_id AS current_spreadsheet_id_6, t0.state AS state_7, t0.temp_data AS temp_data_8 FROM user t0 WHERE t0.telegram_id = ? LIMIT 1 (parameters: array{""1"":273894269}, types: array{""1"":1}) {""sql"":""SELECT t0.id AS id_1, t0.telegram_id AS telegram_id_2, t0.username AS username_3, t0.first_name AS first_name_4, t0.last_name AS last_name_5, t0.current_spreadsheet_id AS current_spreadsheet_id_6, t0.state AS state_7, t0.temp_data AS temp_data_8 FROM user t0 WHERE t0.telegram_id = ? LIMIT 1"",""params"":{""1"":273894269},""types"":{""1"":1}} []
[2025-01-06T18:21:31.604160+00:00] request.CRITICAL: Uncaught PHP Exception Doctrine\DBAL\Exception\DriverException: ""An exception occurred while executing a query: SQLSTATE[HY000]: General error: 1 no such column: t0.is_income"" at /var/www/budget-bot/vendor/doctrine/dbal/src/Driver/API/SQLite/ExceptionConverter.php line 83 {""exception"":""[object] (Doctrine\\DBAL\\Exception\\DriverException(code: 1): An exception occurred while executing a query: SQLSTATE[HY000]: General error: 1 no such column: t0.is_income at /var/www/budget-bot/vendor/doctrine/dbal/src/Driver/API/SQLite/ExceptionConverter.php:83)\n[previous exception] [object] (Doctrine\\DBAL\\Driver\\PDO\\Exception(code: 1): SQLSTATE[HY000]: General error: 1 no such column: t0.is_income at /var/www/budget-bot/vendor/doctrine/dbal/src/Driver/PDO/Exception.php:28)\n[previous exception] [object] (PDOException(code: HY000): SQLSTATE[HY000]: General error: 1 no such column: t0.is_income at /var/www/budget-bot/vendor/doctrine/dbal/src/Driver/PDO/Connection.php:59)""} []",fix
проверь есть ли в Dockerfile sqlite драйвер,fix
"а, вот эту команду нужно запускать было через докер:
php bin/console doctrine:migrations:diff",fix
"проверь логику, запускай make cs-fix && make ci",ci
дефолтные категории не нужны,feat
"-

проверь тесты, всегда запускай make cs-fix && make ci
как будто не сохраняется сопоставление категории",ci
"в одну команду, добавь только описание коммита: git pull && git add . && git commit && git push [CategorySyncFlowTest](https://github.com/positron48/budget-bot/commit/6d04bdd5445d30882b9ca8695c95fbc0caa197f8)",git
"актуализируй readme - не изменяй стркутуру, добавь те команды, которые есть и удали лишние, если их нет",feat
"мы должны привязывать таблицу не  к январю 2024, а к текущему месяцу текущего года. Возможно это не в тесте, а в фикстурах",fix
"проверь тесты, всегда запускай make cs-fix && make ci",ci
синтаксис добавления расхода 1500 еда обед,feat
"проверь тесты, всегда запускай make cs-fix && make ci",ci
"добавь еще расход, для которого нет сопоставления - после команды нужно будет указать название категории, к которому расход должен быть привязан

например:
1000 продукты
Питание

и далее можно проверить, что /map продукты теперь содержит Питание",feat
"нет, проверь лучше парсер, скорее всего он 1000 по какой-то причине воспринимает как дату",fix
"в одну команду, добавь только описание коммита: git pull && git add . && git commit && git push 
[fix: improve transaction parsing and category handling - Fix date parsing in MessageParserService to prevent numbers being parsed as dates - Add tests for parsing large numbers and decimal numbers …](https://github.com/positron48/budget-bot/commit/e1ce6d3ac2d45ca24b999cf2ae77807ca88a0fec)",git
"Мне нужно добавить отчет по поктытию тестами в одном из этих форматов:

Could not find a Coverage file! Searched for lcov.info, cov.xml, coverage.xml, cobertura.xml, jacoco.xml, coverage.cobertura.xml",feat
убери build из git,feat
"в одну команду, добавь только описание коммита: git pull && git add . && git commit && git push [chore: exclude build directory and add test coverage configuration](https://github.com/positron48/budget-bot/commit/900008f8501be87340b61aba1a969c839dd02bd1)",git
Сделай ревью интеграционных тестов и давай их отрефакторим,feat
"проверь тесты, всегда запускай make cs-fix && make ci",ci
"в одну команду, добавь только описание коммита: git pull && git add . && git commit && git push [refactor: improve integration tests structure - Create AbstractBotIntegrationTest with common functionality - Split large test methods into smaller focused ones - Add missing assertions - Fix PHPSt…](https://github.com/positron48/budget-bot/commit/4f4045b5b414a7224f73270bb0fa262485fc94ef)",git
сделай чтобы абстрактный класс в тестах не генерировал ошибку,test
может failOnWarning выставить в false?,fix
абстрактные классы в phpunit должны оканчиваться на TestCase,fix
"в одну команду, добавь только описание коммита: git pull && git add . && git commit && git push [refactor: rename AbstractBotIntegrationTest to AbstractBotIntegrationTestCase following PHPUnit naming convention](https://github.com/positron48/budget-bot/commit/bb949590a770d61957ea6b535c41b4e402e11a61)",git
"просмотри текстуры и имеющиеся интеграционные тесты и поправь фикстуры, чтобы они содержали похожие на реальные данные",fix
"проверь тесты, всегда запускай make cs-fix && make ci",ci
"в одну команду, добавь только описание коммита: git pull && git add . && git commit && git push [test: fixtures update](https://github.com/positron48/budget-bot/commit/a7f066d1069c8a2c3d21aaab5aaaf2c803233485)",git
"создай новый интеграционный тест для транзакций, но для начала просто проверь, что список категорий отображается корректно",test
"проверь тесты, всегда запускай make cs-fix && make ci",ci
попробуй подгрузить фикстуры через DI или может у symfony есть своя механика загрузки их в тестах,fix
"нет, давай добавим бандл, если он нужен",feat
"в одну команду, добавь только описание коммита: git pull && git add . && git commit && git push [test: add fixtures install](https://github.com/positron48/budget-bot/commit/5a97fee1aca8cb5d765d4e50d3e0698f41f2cb87)",git
Давай теперь расширять покрытие кода транзакция тестами в рамках TransactionIntegrationTest,feat
"Давай в ответ на добавление транзакции выводить все её данные - сумма, тип, описание, категория

И также скорректируем тесты, чтобы проверяли корректность данных",feat
"Нужно также доработать логику и самого приложения, не только тестов",test
нужно добавить еще дату,feat
"добавь в тесты проверку даты, а также добавление транзакций за другие даты кроме сегодня в разных вариантах

также добавь добавление расхода с копейками, также с разными вариантами вместе с разными форматами дат в комбинации.  тесты с транзакциями нужно добавлять в TransactionIntegrationTest",feat
"в одну команду, добавь только описание коммита: git pull && git add . && git commit && git push [tests for transactions](https://github.com/positron48/budget-bot/commit/e0a4181598a542a99a25fda3e1b73abf5a22e265)",git
"CI перестал обновлять процент покрытия кода тестами в readme после добавления build в игнор, почини [fix: update coverage badge configuration and paths](https://github.com/positron48/budget-bot/commit/94a6ddc474570b56c0bad054265b7b1901d14523)",ci
"проанализируй покрытие кода тестами и поднимай постепенно покрытие через интеграционные тесты
для проверки всегда запускай make cs-fix && make ci",ci
"продолжай, делай упор на те файлы и классы, которые совсем не покрыты тестами или покрыты в незначительной степени - возможно, они не используются? В таком случае стоит их удалить",continue
продолжай,continue
продолжай,continue
"в одну команду, добавь только описание коммита: git pull && git add . && git commit && git push [more tests](https://github.com/positron48/budget-bot/commit/6313ddaaeb2cef2b748ca4234579369b03b53676)",git
"проанализируй покрытие кода тестами и поднимай постепенно покрытие через интеграционные тесты
для проверки всегда запускай make cs-fix && make ci

упор делай на классы, которые совсем не покрыты тестами, а также на классы, в которых минимальное количество *строк* покрыто тестами",ci
продолжай,continue
"проверь конфигурацию phpunit - почему MessageParserService покрыт на 91% тестами по строкам, но ни одного метода в покрытии нет?",test
"проанализируй покрытие кода тестами и поднимай постепенно покрытие через интеграционные тесты
для проверки всегда запускай make cs-fix && make ci

упор делай на классы, которые совсем не покрыты тестами, а также на классы, в которых минимальное количество *строк* покрыто тестами

не трогай MessageParserService, он какой-то аномальный",ci
"в одну команду, добавь только описание коммита: git pull && git add . && git commit && git push [add tests](https://github.com/positron48/budget-bot/commit/7787c6a23e2099fc10275b2d93a5a3914571d392)",git
"продолжай, не трогай MessageParserService, он какой-то аномальный",continue
"в одну команду, добавь только описание коммита: git pull && git add . && git commit && git push [add tests](https://github.com/positron48/budget-bot/commit/7787c6a23e2099fc10275b2d93a5a3914571d392)",git
"проанализируй покрытие кода тестами и поднимай постепенно покрытие через интеграционные тесты
для проверки всегда запускай make cs-fix && make ci

упор делай на классы, которые совсем не покрыты тестами, а также на классы, в которых минимальное количество *строк* покрыто тестами

не трогай MessageParserService, он какой-то аномальный",ci
"запусти в одну команду, добавь только описание коммита: git pull && git add . && git commit && git push [test(sync-categories): add comprehensive integration tests for SyncCategoriesCommand - Add test cases for various sync scenarios (empty/invalid/partial/multiple) - Fix test setup to properly handle…](https://github.com/positron48/budget-bot/commit/8be45a93db1380f417c28f05f5d79f9181305be4)",git
"проанализируй покрытие кода тестами и поднимай постепенно покрытие через интеграционные тесты
для проверки всегда запускай make cs-fix && make ci

упор делай на классы, которые совсем не покрыты тестами, а также на классы, в которых минимальное количество *строк* покрыто тестами

не трогай MessageParserService, он какой-то аномальный",ci
продолжай,continue
для проверки всегда запускай make cs-fix && make ci,ci
продолжай,continue
"запусти в одну команду, добавь только описание коммита: git pull && git add . && git commit && git push [improve test coverage](https://github.com/positron48/budget-bot/commit/acde14c4d044f4b8af4d9d07feaf023b74323a24)",git
"проанализируй покрытие кода тестами и поднимай постепенно покрытие через интеграционные тесты
для проверки всегда запускай make cs-fix && make ci

упор делай на классы, которые совсем не покрыты тестами, а также на классы, в которых минимальное количество *строк* покрыто тестами

не трогай MessageParserService, он какой-то аномальный",ci
"запусти в одну команду, добавь только описание коммита: git pull && git add . && git commit && git push [test: improve test coverage for spreadsheet removal functionality](https://github.com/positron48/budget-bot/commit/85031a7322df567d025eb1a8a1bd43a1b7a0ca47)",git
"Переименуй команду /list в /list-tables.
Обнови тесты, readme и весь код, где это нужно
для проверки всегда запускай make cs-fix && make ci",ci
"запусти в одну команду, добавь только описание коммита: git pull && git add . && git commit && git push [refactor: rename /list command to /list-tables](https://github.com/positron48/budget-bot/commit/9d0b3779ed1ccfb7805c8b94f0776fa776dad7a7)",git
"Переименуй ListCommand в ListTablesCommand. Проверь тесты и readme, для проверки всегда запускай make cs-fix && make ci [rename ListCommand](https://github.com/positron48/budget-bot/commit/37e51302bfb95263e372a0a908633879b15cfd17)",ci
"Добавь команду /list [месяц] [год], которая будет спрашивать тип транзакций (расход или доход) и выводить cписок транзакций из таблицы за выбранный месяц и год (если не указаны то иcпользовать текущие). Транзакции должны выводиться в обратном порядке - от последних строк к первым
Для примера реализации ориентируйся на CategoriesCommand.
Новые тесты пока не пиши.
для проверки всегда запускай make cs-fix && make ci",ci
"app.command и app.state_handler выставляются автоматически, если классы реализуют соответствующие интерфейсы, в services добавлять определение не нужно",feat
"у нас есть команда /list для транзакций и /list-tables для списка таблиц. В тесте используется вторая, но при этом supports в ListCommand ошибочно перехватывает её",test
но ведь в AddSpreadsheetFlowTest при добавлении таблицы указывается явно Январь 2024,feat
"ненене, не надо переопределять дату, ищи в чем ошибка в тесте, до добавляния ListCommand все проходило корректно",fix
"ListCommand getName где-то используется и из-за него тесты не работают, нужно скорректировать условия?",fix
поищи где используется getName - вероятно проблема там,fix
может в findCommand заменим getName на supports?,fix
"list-tables нужно поменять на list_tables, телеграм не умеет в дефисы",feat
не заменили текст в стартовом сообщении,feat
не заменили текст в стартовом сообщении (которое отправляем в ответ на /start),fix
"давай добавим /list в стартовое сообщение
и сделаем ответ этой команды более читаемым, возможно, в некоем табличном виде, как минимум нужно писать категорию в той же строке, может в квадратных скобках",feat
"запусти в одну команду, добавь только описание коммита: git pull && git add . && git commit && git push [/list](https://github.com/positron48/budget-bot/commit/f67716e5ab07e3919fbfa11f751416fb69221433)",git
"давай добавим тесты для ListCommand, по аналогии с CategoriesCommand. для проверки всегда запускай make cs-fix && make ci",ci
может У вас нет таблицы за Январь 0 не ок и надо выводить ошибку валидации года/месяца в таких кейсах?,fix
то же самое нужно для месяца и для некорректных годов - давай начнем хотя бы с 2020 брать отсчет,feat
а теперь подними покрытие тестами выше 80 по строкам,test
да,fix
увеличь покрытие,test
"запусти в одну команду, добавь только описание коммита: git pull && git add . && git commit && git push [test: improve ListStateHandler coverage - Add income, filtering and validation tests](https://github.com/positron48/budget-bot/commit/22b0d294381fd1ca87a249c5534458e53dbc2bc8)",git
"ок, давай добавим пагинацию через клавиатуру телеграма на случай, если транзакций прям много. Сделай количество транзакций на странице параметром",feat
"сделай лимит на страницу 20, но для тестов нужно оставить 5, мб вынести это в параметры конфига",test
"удали тест, который мы скипаем",test
"запусти в одну команду, добавь только описание коммита: git pull && git add . && git commit && git push [/list with pagen](https://github.com/positron48/budget-bot/commit/2c8e7a0ca38bb5a3eb42ea444bb60d38a07fb7cc)",git
не обрабатывается выбор категории транзакций при выборе,fix
новый лог,fix
ListStateHandler почему-то не видится в handlers StateHandlerRegistry,fix
для проверки всегда запускай make cs-fix && make ci,ci
"запусти в одну команду, добавь только описание коммита: git pull && git add . && git commit && git push [fix /list](https://github.com/positron48/budget-bot/commit/9dce67a96e876aad46759564323cd7f818229e6e)",git
"запусти `make test` и посмотри на ошибки.

Проблема в том, что тесты работают с текущим месяцем (февраль), а в фикстурах зашит конкретно январь 2025. Нужно починить тесты так, чтобы они не падали в зависимости от даты.",fix
продолжай,continue
продолжай,continue
продолжай,continue
продолжай,continue
продолжай,continue
почини теперь risky предупреждения make test,fix
"запускай теперь make phpstan, исправляй ошибки и проверяй make test",ci
продолжай править make phpstan и тесты,ci
"теперь падает phpstan в github ci

In XmlServiceMapFactory.php line 31:
                                                                               
  Container /home/runner/work/budget-bot/budget-bot/var/cache/test/App_Kernel  
  TestDebugContainer.xml does not exist                                        
                                                                               

analyse [-c|--configuration CONFIGURATION] [-l|--level LEVEL] [--no-progress] [--debug] [-a|--autoload-file AUTOLOAD-FILE] [--error-format ERROR-FORMAT] [-b|--generate-baseline [GENERATE-BASELINE]] [--allow-empty-baseline] [--memory-limit MEMORY-LIMIT] [--xdebug] [--fix] [--watch] [--pro] [--fail-without-result-cache] [--] [<paths>...]

Script phpstan analyse -c phpstan.neon handling the phpstan event returned with error code 1
Error: Process completed with exit code 1.",ci
"теперь падает phpstan в github ci

In XmlServiceMapFactory.php line 31:
                                                                               
  Container /home/runner/work/budget-bot/budget-bot/var/cache/test/App_Kernel  
  TestDebugContainer.xml does not exist                                        
                                                                               

analyse [-c|--configuration CONFIGURATION] [-l|--level LEVEL] [--no-progress] [--debug] [-a|--autoload-file AUTOLOAD-FILE] [--error-format ERROR-FORMAT] [-b|--generate-baseline [GENERATE-BASELINE]] [--allow-empty-baseline] [--memory-limit MEMORY-LIMIT] [--xdebug] [--fix] [--watch] [--pro] [--fail-without-result-cache] [--] [<paths>...]

Script phpstan analyse -c phpstan.neon handling the phpstan event returned with error code 1
Error: Process completed with exit code 1.",ci
"В коде в разных местах есть функции, преобразующие название месяца на русском в порядковый номер и наоборот.
Убери дублирование, запускай make phpstan && make test для проверки ошибок.",ci
